5EE2C4D3BF57BDB455E74B03B89E43A7,E96EF8F6E6122591F9465376043B946D,2013-01-01 00:00:09,2013-01-01 00:00:36,26,0.10,-73.992210,40.725124,-73.991646,40.726658,CSH,2.50,0.50,0.50,0.00,0.00,3.50
42730E78D8BE872B52598742914DECFF,6016A71F1D29D678E87D36856ED918A7,2013-01-01 00:01:00,2013-01-01 00:01:00,0,0.01,0.000000,0.000000,0.000000,0.000000,CSH,2.50,0.50,0.50,0.00,0.00,3.50
CA6CD9BAED6A85E430F7BFC0BC84ABD0,77FFDF38272A6006517D53EDA14333E2,2013-01-01 00:00:20,2013-01-01 00:01:22,61,2.20,-73.970100,40.768005,-73.969772,40.767834,CSH,3.00,0.50,0.50,0.00,0.00,4.00
15162141EA7436635C696F5BC023D2D6,CDCB7729DE07243726FF7BB0BD5D06BF,2013-01-01 00:00:14,2013-01-01 00:01:37,83,0.20,-73.975441,40.749657,-73.977333,40.751991,CSH,3.00,0.50,0.50,0.00,0.00,4.00
025B98A22ED771118FC0EB44A0D3BD9D,7D89374F8E98F30A19F2381EC71A16BA,2013-01-01 00:00:40,2013-01-01 00:01:40,60,0.30,-74.005165,40.720531,-74.003929,40.725655,CSH,3.00,0.50,0.50,0.00,0.00,4.00
07290D3599E7A0D62097A346EFCC1FB5,E7750A37CAB07D0DFF0AF7E3573AC141,2013-01-01 00:00:00,2013-01-01 00:02:00,120,0.44,-73.956528,40.716976,-73.962440,40.715008,CSH,3.50,0.50,0.50,0.00,0.00,4.50
22D70BF00EEB0ADC83BA8177BB861991,3FF2709163DE7036FCAA4E5A3324E4BF,2013-01-01 00:02:00,2013-01-01 00:02:00,0,0.00,0.000000,0.000000,0.000000,0.000000,CSH,27.00,0.00,0.50,0.00,0.00,27.50
E79E74C15D90CD93B1564E91E3D64765,145038A0CC99D6982D8001BE668154CA,2013-01-01 00:01:00,2013-01-01 00:02:00,60,0.45,-73.952080,40.790169,-73.948921,40.794323,CSH,3.50,0.50,0.50,0.00,0.00,4.50
FD39403FDE46B6C753DDD6518A4365D7,2B36D07A27BB35D7DF7170C83EEAA196,2013-01-01 00:01:00,2013-01-01 00:02:00,60,0.34,-74.003197,40.708313,-74.005608,40.706551,CRD,3.50,0.50,0.50,0.80,0.00,5.30
E0F370CA508B7E8F639D7FAB3798F399,5AE4F2FB8B90CA06F9AA39FEF82DE2BB,2013-01-01 00:01:35,2013-01-01 00:02:23,48,1.20,-73.977898,40.757912,-73.978020,40.757362,DIS,2.50,0.50,0.50,0.00,0.00,3.50
08E54F4C460720DDE43460E354486FBC,33276CA24A915CBD668AF96873D07883,2013-01-01 00:00:00,2013-01-01 00:02:44,163,0.50,-73.999878,40.743343,-74.003708,40.748280,CRD,4.00,0.50,0.50,1.00,0.00,6.00
81124DBD6AB03F24B895D5CF04AAACA2,EFEDEB0551AA8916DE8F1997F0DE3647,2013-01-01 00:02:42,2013-01-01 00:02:50,8,0.00,-73.781586,40.644794,-73.781281,40.644878,NOC,20.00,0.50,0.00,0.00,0.00,20.50
8287BE67DA22E4ABB34A4E6709402BFF,B19151C3FB6D993FF43431B6A11E3367,2013-01-01 00:02:06,2013-01-01 00:02:54,48,0.00,-73.991959,40.726269,-73.992226,40.725510,NOC,2.50,0.50,0.50,0.00,0.00,3.50
0CEBE42EAF42C338052FAE8D61612C58,CC7A4176549BA819E07D4A0463F87D2E,2013-01-01 00:00:00,2013-01-01 00:03:00,180,1.56,-74.009750,40.706432,-73.971985,40.794716,CSH,6.50,0.50,0.50,0.00,0.00,7.50
0EC22AAF491A8BD91F279350C2B010FD,778C92B26AE78A9EBDF96B49C67E4007,2013-01-01 00:01:00,2013-01-01 00:03:00,120,0.71,-73.973145,40.752827,-73.965897,40.760445,CSH,4.00,0.50,0.50,0.00,0.00,5.00
1390FB380189DF6BBFDA4DC847CAD14F,BE317B986700F63C43438482792C8654,2013-01-01 00:01:00,2013-01-01 00:03:00,120,0.48,-74.004173,40.720947,-74.003838,40.726189,CSH,4.00,0.50,0.50,0.00,0.00,5.00
319AE2555940BA65DB0749E1DD1FBA0B,BAC146F5AA74DE3040A5D53572EA663A,2013-01-01 00:00:00,2013-01-01 00:03:00,180,0.39,-73.990608,40.734997,-73.989487,40.730324,CRD,4.00,0.50,0.50,0.90,0.00,5.90
3B4129883A1D05BE89F2C929DE136281,7077F9FD5AD649AEACA4746B2537E3FA,2013-01-01 00:01:00,2013-01-01 00:03:00,120,0.61,-73.987373,40.724861,-73.983772,40.730995,CRD,4.00,0.50,0.50,0.00,0.00,5.00
3E7DB7D3DC9961BA3A304E5B4B419E5F,452B322CA3BB3132FF0F59FADAE615D6,2013-01-01 00:00:00,2013-01-01 00:03:00,180,1.52,-73.954117,40.778343,-73.941818,40.795479,CSH,6.00,0.50,0.50,0.00,0.00,7.00
557B02E4BC71B16C0EBC9CEE6F757822,10DEF6B15C01194B2D4933C638926EEF,2013-01-01 00:01:00,2013-01-01 00:03:00,120,0.41,-73.976173,40.744942,-73.980919,40.747517,CSH,4.00,0.50,0.50,0.00,0.00,5.00
5CC9B3C9725FCD7FAE490B4C614D57EE,9F4A98FA581907FC25B5C1A9A5361365,2013-01-01 00:00:00,2013-01-01 00:03:00,180,0.64,-74.001404,40.722610,-73.998177,40.729485,CSH,4.50,0.50,0.50,0.00,0.00,5.50
5FAA7F69213D26A42FA435CA9511A4FF,00B7691D86D96AEBD21DD9E138F90840,2013-01-01 00:02:00,2013-01-01 00:03:00,60,0.00,0.000000,0.000000,0.000000,0.000000,CRD,2.50,0.50,0.50,0.25,0.00,3.75
BE4A6F08A4E9CA26DEBBD511A15E5D89,B6B300DB052529A0A9A238DE3C5C29E4,2013-01-01 00:00:00,2013-01-01 00:03:00,180,0.90,-73.946136,40.781349,-73.944977,40.790836,CSH,4.50,0.50,0.50,0.00,0.00,5.50
DFBFA82ECA8F7059B89C3E8B93DAA377,CF8604E72D83840FBA1978C2D2FC9CDB,2013-01-01 00:02:00,2013-01-01 00:03:00,60,0.39,-73.981544,40.781475,-73.979439,40.784386,CRD,3.00,0.50,0.50,0.70,0.00,4.70
E07A1976036B82DA9CB3EB5F5B8DA4B3,F33756EA65252C595891D693B90A9676,2013-01-01 00:01:00,2013-01-01 00:03:00,120,0.01,-73.982216,40.768768,-73.982132,40.768639,CSH,3.00,0.50,0.50,0.00,0.00,4.00
F07E8A597F1DF9BB32803DC3D5CB0DC5,D0626B4EF37543B0157317572E7AB578,2013-01-01 00:02:00,2013-01-01 00:03:00,60,0.77,-73.944618,40.783131,-73.947418,40.775574,CSH,4.50,0.50,0.50,0.00,0.00,5.50
FCA03DFDEACC34617F65E2B0D30A1ADB,BAEC454646DD96862C1B080EA8127955,2013-01-01 00:02:00,2013-01-01 00:03:00,60,0.34,-73.970459,40.764996,-73.971809,40.766048,CSH,3.00,0.50,0.50,0.00,0.00,4.00
1920DC2DE67BFC92C700DAE5A0C80E21,6728CFBAFBF5F724562E68EF62D2AE52,2013-01-01 00:00:02,2013-01-01 00:03:18,195,0.70,-73.978500,40.741291,-73.976997,40.732452,CSH,4.50,0.50,0.50,0.00,0.00,5.50
79E7DAB478510728043D760E44F8196B,922EFBE2E81AEDD70E4B212EE9AABC78,2013-01-01 00:00:55,2013-01-01 00:03:21,145,0.80,-73.962646,40.767467,-73.954063,40.776943,CRD,4.50,0.50,0.50,1.50,0.00,7.00
02B072BC2EE4ECC6960A29B645B3B448,F5DA86FBBA8D8C5627CA54CC9EC356F4,2013-01-01 00:01:40,2013-01-01 00:03:30,110,0.50,-73.994308,40.746120,-74.002373,40.748615,CSH,4.00,0.50,0.50,0.00,0.00,5.00
423AF240E03E7D43309611CC9C256452,A01296230B401AEEBC3D8EA2567129C5,2013-01-01 00:00:10,2013-01-01 00:03:43,212,0.80,-73.979179,40.740398,-73.988052,40.732304,CRD,5.00,0.50,0.50,1.50,0.00,7.50
7EEAE7CDAFC4D42FEF61D5F69246F671,1BB1BDE9F4C40D094DBA0FB2A3098ED7,2013-01-01 00:01:35,2013-01-01 00:03:44,129,0.80,-73.923775,40.770325,-73.931877,40.759815,CSH,4.50,0.50,0.50,0.00,0.00,5.50
1E5F4C1CAE7AB3D06ABBDDD4D9DE7FA6,E0B2F618053518F24790C7FD0264E302,2013-01-01 00:03:00,2013-01-01 00:04:00,60,0.00,-73.993973,40.751266,0.000000,0.000000,CSH,2.50,0.50,0.50,0.00,0.00,3.50
468244D1361B8A3EB8D206CC394BC9E9,BB899DFEA9CC964B50C540A1D685CCFB,2013-01-01 00:00:00,2013-01-01 00:04:00,240,1.71,-73.955383,40.779728,-73.967758,40.760326,CSH,6.50,0.50,0.50,0.00,0.00,7.50
489ED3944E97C1A5C81EE39CE28D37E1,ED3B4A7E70A5C145C43BBD08E4BBD33E,2013-01-01 00:02:00,2013-01-01 00:04:00,120,0.36,-73.987907,40.731907,-73.983871,40.730175,CRD,3.50,0.50,0.50,0.80,0.00,5.30
5F78CC6D4ECD0541B765FECE17075B6F,B7567F5BFD558C665D23B18451FE1FD1,2013-01-01 00:00:00,2013-01-01 00:04:00,240,1.21,-73.973000,40.793140,-73.981453,40.778465,CRD,6.00,0.50,0.50,1.30,0.00,8.30
671B86ED447C7256041F6A24D4A31A7D,11DF9BAEA40A071C081C0FDB149911BF,2013-01-01 00:02:00,2013-01-01 00:04:00,120,0.00,0.000000,0.000000,0.000000,0.000000,CRD,4.25,0.00,0.00,0.00,0.00,4.25
6BA29E9A69B10F218C1509BEDD7410C2,ED368552102F12EA252C63782F12CD4C,2013-01-01 00:01:00,2013-01-01 00:04:00,180,0.74,-73.971138,40.758980,-73.972206,40.752502,CRD,4.50,0.50,0.50,0.00,0.00,5.50
75C90377AB710B04772D21ACBE3C52FB,00B7691D86D96AEBD21DD9E138F90840,2013-01-01 00:03:00,2013-01-01 00:04:00,60,0.00,0.000000,0.000000,0.000000,0.000000,CRD,3.00,0.50,0.50,0.07,0.00,4.07
87EC61B520189EFEAD8FDFBABD756E4A,2B9F6F2C53DF205A40A94512E35C7D7F,2013-01-01 00:02:00,2013-01-01 00:04:00,120,0.72,-73.977089,40.789925,-73.984505,40.782444,CSH,4.50,0.50,0.50,0.00,0.00,5.50
95B715EA4F75E724331990880E47CD4C,4414532CAA2AFB705D7B74D4B1EE4918,2013-01-01 00:00:00,2013-01-01 00:04:00,240,0.85,-74.007973,40.747204,-74.007301,40.738178,CRD,5.00,0.50,0.50,1.65,0.00,7.65
97589BDFC2C63459FAD5C7C2A477D1E0,445FBAACAE0A0EF43236B854EF2EAD84,2013-01-01 00:01:00,2013-01-01 00:04:00,180,0.57,-73.999832,40.721867,-74.000916,40.725727,CSH,4.50,0.50,0.50,0.00,0.00,5.50
9E0FF4A265C054381E44CC424E964D3E,7A3579A0A5C65FFB92FE889B1B8EC26A,2013-01-01 00:02:00,2013-01-01 00:04:00,120,0.41,-73.945282,40.747677,-73.919884,40.766048,CSH,4.00,0.50,0.50,0.00,0.00,5.00
C306CAC565429C12852164EB38175736,E255D5DFB9A967B9D55472A4D7ABA428,2013-01-01 00:01:00,2013-01-01 00:04:00,180,0.84,-73.942841,40.797031,-73.934540,40.797314,CSH,4.50,0.50,0.50,0.00,0.00,5.50
C4D6E189EF44EB83E2D058D67F490E3A,95B5B3CDA9EDC88AA395239589B57196,2013-01-01 00:03:00,2013-01-01 00:04:00,60,0.00,-73.989189,40.721924,0.000000,0.000000,CSH,2.50,0.50,0.50,0.00,0.00,3.50
DCD53B734DC01B1FBA28223094424383,9D50A12A43D5078A037C15026BF8B6F8,2013-01-01 00:00:00,2013-01-01 00:04:00,240,1.59,-73.934555,40.750957,-73.916328,40.762241,CSH,6.50,0.50,0.50,0.00,0.00,7.50
DD467ED2E7DDB5C8B9B918469604E54F,1D7876BD692018A5BE422C420A5148EA,2013-01-01 00:01:00,2013-01-01 00:04:00,180,0.95,-73.976753,40.750706,-73.990089,40.750729,CSH,5.00,0.50,0.50,0.00,0.00,6.00
DF474EED0424EB71E5641EE88B616751,A90F1E13FFFE433EC5D62CBD914DC9E0,2013-01-01 00:01:00,2013-01-01 00:04:00,180,0.92,-73.987762,40.732464,-73.980377,40.742603,CRD,4.50,0.50,0.50,1.25,0.00,6.75
F8A0B52B22BB58B3C45E66CEE135C29D,00B7691D86D96AEBD21DD9E138F90840,2013-01-01 00:03:00,2013-01-01 00:04:00,60,0.00,-73.937637,40.758369,-73.937607,40.758350,CRD,2.50,0.50,0.50,0.25,0.00,3.75
46D8364DDA0DFC3B93D6E3F4B2C46CFB,A0DDBE3613E4163A3BE0A244331B99C8,2013-01-01 00:02:15,2013-01-01 00:04:01,105,0.20,-73.995094,40.759735,-73.999290,40.761299,CRD,3.00,0.50,0.50,0.00,0.00,4.00
D242F08982116B6C6EBEF33FBCC14513,014FCFEF7DD164992FCD8492DF7A6133,2013-01-01 00:00:46,2013-01-01 00:04:06,199,0.50,-73.994049,40.718227,-73.987206,40.720482,CSH,4.00,0.50,0.50,0.00,0.00,5.00
39AC06174E0C41C05AEA1C1227FD5907,4EC477CA44F452A8134CE29860D4943F,2013-01-01 00:01:57,2013-01-01 00:04:11,133,0.60,-73.956078,40.771542,-73.951164,40.771584,CSH,4.00,0.50,0.50,0.00,0.00,5.00
784131EEAAFACD3B839E9B48C051FC2C,DB805A7306FBF4874053E9BD200B85D9,2013-01-01 00:00:16,2013-01-01 00:04:11,234,0.80,-73.957649,40.717785,-73.966522,40.714657,CSH,4.50,0.50,0.50,0.00,0.00,5.50
5191086622F86A17B025EDBD077E8BB0,B4D0A14D777E4284466C886C1C2A55C4,2013-01-01 00:04:06,2013-01-01 00:04:14,8,0.00,-73.984787,40.764076,-73.984749,40.764126,NOC,2.50,0.50,0.50,0.00,0.00,3.50
8402CBED165898F314C50BC57314CDFF,0DB1416B58D5527FD168A981F8048C05,2013-01-01 00:02:12,2013-01-01 00:04:29,137,0.30,-73.999390,40.739437,-74.000252,40.742680,CSH,3.50,0.50,0.50,0.00,0.00,4.50
FEBD33521DA40D3FECC7FBF235CB9274,0FD461760B482C0B229B3E98A2914819,2013-01-01 00:04:16,2013-01-01 00:04:34,17,0.00,-73.978188,40.752281,-73.978233,40.752480,CSH,2.50,0.50,0.50,0.00,0.00,3.50
4F4341D4F322CD40F4AABD3882AD510E,58BEA0106F5D76C318B2663F9101A277,2013-01-01 00:02:33,2013-01-01 00:04:35,122,0.50,-73.980209,40.687935,-73.983826,40.694939,CSH,4.00,0.50,0.50,0.00,0.00,5.00
B3BDE5D1263CF981544F3E0BD6530FCF,EDB2DE00B2C4087FE570AF794D62F87B,2013-01-01 00:00:43,2013-01-01 00:04:36,232,1.50,-73.979073,40.744320,-73.976311,40.728676,CSH,6.50,0.50,0.50,0.00,0.00,7.50
182AEEFB53A1EC846CE3A39734E07F15,968B835043E20F11EEB2104C3B7FA04C,2013-01-01 00:01:26,2013-01-01 00:04:40,193,0.60,-73.965012,40.755863,-73.973694,40.755215,CRD,4.50,0.50,0.50,1.10,0.00,6.60
558A89AF05E85098911A9B3D97B03956,430CD41965CB25FACD5E33986FEA6034,2013-01-01 00:00:25,2013-01-01 00:04:40,255,0.20,-73.989082,40.748310,-73.990425,40.749916,CSH,4.50,0.50,0.50,0.00,0.00,5.50
3E1F97B6E9AFE0579B62D78D5808A8F5,113160389E10B6AF12ACF43506610A42,2013-01-01 00:03:25,2013-01-01 00:04:51,85,0.20,-73.967873,40.760426,-73.964401,40.759083,CSH,3.00,0.50,0.50,0.00,0.00,4.00
BBC3E143398F546F06B964C6FA21BD07,32E7F03F79210B7D24C80699156D8D2C,2013-01-01 00:00:11,2013-01-01 00:04:56,285,0.70,-73.996643,40.732185,-74.001266,40.725452,CSH,5.00,0.50,0.50,0.00,0.00,6.00
D819F4B6C5745786588BF1EC9FBB3D2F,0F8D1B8DFD676A79617432055F849116,2013-01-01 00:00:50,2013-01-01 00:04:56,245,0.80,-73.979378,40.746178,-73.976532,40.739510,CSH,5.00,0.50,0.50,0.00,0.00,6.00
0B16E7513D27A11389828D80B601AAE1,6528A3A0A72867332FCEF75BFCE85069,2013-01-01 00:00:08,2013-01-01 00:04:58,290,1.10,-73.989029,40.733982,-73.978348,40.724926,CSH,6.00,0.50,0.50,0.00,0.00,7.00
54A0206BB6609ED155E11C79FD5C155D,F9CBA770163025BD286BD31E821D6AEC,2013-01-01 00:01:05,2013-01-01 00:04:59,234,0.70,-73.978111,40.788967,-73.976410,40.780838,CRD,5.00,0.50,0.50,1.00,0.00,7.00
0B593CED4C3F363DD4ED3F745B651CB1,A943DDA6621345922B0D7899053C7E25,2013-01-01 00:03:00,2013-01-01 00:05:00,120,0.44,-73.996971,40.737549,-74.003441,40.736248,CRD,3.50,0.50,0.50,1.00,0.00,5.50
120E700FE35B2DDBEA4D64CCCF02C808,3EDDD1433E2276DF9F9BDC3997C4BD47,2013-01-01 00:03:00,2013-01-01 00:05:00,120,0.52,-73.981972,40.752525,-73.985313,40.747738,CSH,4.00,0.50,0.50,0.00,0.00,5.00
226FFD36478408BE18A570AAA1CF46C0,E58D07823A60C6361FD980E1AFEFDB13,2013-01-01 00:00:00,2013-01-01 00:05:00,300,0.48,-73.991821,40.695587,-73.990479,40.700699,CSH,5.50,0.50,0.50,0.00,0.00,6.50
256C6A3CA47F81497C1F5038438B54B2,8FA961982C3FEF4386FB05B4667A2580,2013-01-01 00:00:00,2013-01-01 00:05:00,300,0.13,-73.969841,40.797359,-73.961899,40.812466,CSH,6.50,0.50,0.50,0.00,0.00,7.50
2627FB9C3C1C9EC33529172A1E0C7662,A7EE9AEDB7325F55F14F2D2448170D56,2013-01-01 00:03:00,2013-01-01 00:05:00,120,0.52,-73.961349,40.716503,-73.956383,40.721107,CSH,3.50,0.50,0.50,0.00,0.00,4.50
35FA9FA64F220A91237F69304F007F1B,FECE89B16DF0601CC208B8349BE06A49,2013-01-01 00:00:00,2013-01-01 00:05:00,300,0.83,-73.989189,40.741268,-73.980125,40.735119,CRD,5.50,0.50,0.50,1.00,0.00,7.50
5314D17CCFB6C27713FA1231AD3459F2,4DDDB301E37CF29FE0C9C2CF03F2F319,2013-01-01 00:02:00,2013-01-01 00:05:00,180,1.25,-74.004112,40.654503,-73.991791,40.666534,CSH,5.50,0.50,0.50,0.00,0.00,6.50
655E773C92FA446353D5C8B7416BE818,B6EAE07E2AD023B387EE5F09BB2D89E3,2013-01-01 00:02:00,2013-01-01 00:05:00,180,1.55,-74.003197,40.733032,-74.012985,40.717377,CRD,6.00,0.50,0.50,1.62,0.00,8.62
76942C3205E17D7E7FE5A9F709D16434,25BA06A87905667AA1FE5990E33F0E2E,2013-01-01 00:00:00,2013-01-01 00:05:00,300,0.61,-73.955925,40.781887,-73.963181,40.777832,CSH,5.00,0.50,0.50,0.00,0.00,6.00
789B8DC7F3CB06A645B0CDC24591B832,66701F3C2798F1A1991AC8B52375F54A,2013-01-01 00:03:00,2013-01-01 00:05:00,120,0.38,-73.994514,40.738907,-73.998703,40.740654,CSH,4.00,0.50,0.50,0.00,0.00,5.00
8A1523D3DB02E26A5EDCBCD140F5148F,99F99E5E7AB15A717FBC322AFD43C218,2013-01-01 00:00:00,2013-01-01 00:05:00,300,0.93,-73.970428,40.796532,-73.970428,40.796532,CSH,5.50,0.50,0.50,0.00,0.00,6.50
8B5F45807D8EC24DDFD9A7EDFFAEC138,577D1B6729EF9014CDBC949554EB4483,2013-01-01 00:00:00,2013-01-01 00:05:00,300,0.06,-73.984871,40.753723,-73.983849,40.754467,CSH,4.50,0.50,0.50,0.00,0.00,5.50
ABA35D2B038DCFBE042FB77F6DC49C88,8DE33EF3E5CB7001FBEEF2C47015A082,2013-01-01 00:03:00,2013-01-01 00:05:00,120,1.12,-73.965721,40.754436,-73.956863,40.766544,CSH,5.00,0.50,0.50,0.00,0.00,6.00
B2A11907B8874E44EE509920AA0A4A96,6EC4BD844C40B9A941D4F67DC926E453,2013-01-01 00:00:00,2013-01-01 00:05:00,300,0.46,-73.998581,40.755333,-73.994576,40.760796,CRD,4.50,0.50,0.50,1.00,0.00,6.50
B82032932F7C76B8AADF55B524918C15,EC0E96B443BEF09A8C9AF9DEDD342FB1,2013-01-01 00:02:00,2013-01-01 00:05:00,180,1.12,-73.959633,40.762802,-73.948555,40.774818,CRD,5.00,0.50,0.50,1.00,0.00,7.00
D79D2C8C83066AF716A497842BB33817,A2AB59B1DBAB1A0157369F1D63529C2F,2013-01-01 00:01:00,2013-01-01 00:05:00,240,0.59,-74.004517,40.721241,-73.997459,40.719055,CRD,5.00,0.50,0.50,1.10,0.00,7.10
F45098D1F50A0E94E7C47CA42E4E5C64,CA79A5EDAD78E6E508E439D436277883,2013-01-01 00:04:00,2013-01-01 00:05:00,60,0.52,-73.987389,40.770588,-73.984077,40.775196,CSH,3.50,0.50,0.50,0.00,0.00,4.50
6C125C5EA35888CA6A7E015E2AA3A35A,C42312F4A144704A4CBBCA0116250A62,2013-01-01 00:01:47,2013-01-01 00:05:03,195,1.10,-73.979111,40.743656,-73.985306,40.732075,CSH,5.50,0.50,0.50,0.00,0.00,6.50
EEF7C5160FE5886A2E8806123B2D37BE,9441C416CC0FB7BA6D48AEB89392370A,2013-01-01 00:03:02,2013-01-01 00:05:11,128,0.60,-73.988525,40.758873,-73.982552,40.767254,CSH,4.00,0.50,0.50,0.00,0.00,5.00
C942C02D715151D4336A8AFD0F59128B,95C708662E34B0968CFB75B000E32741,2013-01-01 00:02:21,2013-01-01 00:05:18,176,0.90,-73.976517,40.744129,-73.977798,40.734058,CSH,5.00,0.50,0.50,0.00,0.00,6.00
99700CFA1CEF8B2EB3313A3CD65C70B5,3388B6B5C909B7BB9EE9D8B82CE2565F,2013-01-01 00:02:51,2013-01-01 00:05:26,154,0.60,-73.997826,40.754074,-73.993965,40.761837,CSH,4.00,0.50,0.50,0.00,0.00,5.00
B79C6F2B6E5EC5A4A0C133A0FE962ECA,0CA3F8591E4C14F9ABC60AC8DB09FA0E,2013-01-01 00:02:55,2013-01-01 00:05:31,155,1.00,0.000000,0.000000,0.000000,0.000000,CSH,5.00,0.50,0.50,0.00,0.00,6.00
734229D43F435D8818DE3682F2712164,1280BCC9751D465AD50EEC76CE578935,2013-01-01 00:04:27,2013-01-01 00:05:40,72,0.40,-73.950012,40.680489,-73.954163,40.684231,NOC,3.50,0.50,0.50,0.00,0.00,4.50
9483C06260980484FF1335EDB3D2A76F,5490FCCC1EEFC71E55C8D4E5F6A45D9B,2013-01-01 00:04:15,2013-01-01 00:05:43,88,0.50,-73.967789,40.768753,-73.961693,40.773579,CSH,3.50,0.50,0.50,0.00,0.00,4.50
6870AF1857884967F8BC5E1CFCEA619A,5036F59C2AC3B76FE5184602BD814445,2013-01-01 00:03:33,2013-01-01 00:05:49,136,0.30,-73.984680,40.732327,-73.990150,40.734718,CSH,3.50,0.50,0.50,0.00,0.00,4.50
81124DBD6AB03F24B895D5CF04AAACA2,EFEDEB0551AA8916DE8F1997F0DE3647,2013-01-01 00:05:40,2013-01-01 00:05:49,9,0.10,-73.805092,40.650558,-73.806244,40.652225,NOC,20.00,0.50,0.00,0.00,0.00,20.50
72F7F27329851C45DD06C7C520F1CF83,1A0EC49F0F146F028439124CF94871E5,2013-01-01 00:01:32,2013-01-01 00:05:53,261,0.40,-73.991982,40.744312,-73.987335,40.741936,CSH,4.50,0.50,0.50,0.00,0.00,5.50
1691DC222DB9054B1D20F450B1AB6866,2F0A73204DFEEA2650BC4535EFDC576C,2013-01-01 00:01:31,2013-01-01 00:05:54,263,0.50,-73.987053,40.739876,-73.992851,40.742748,CSH,4.50,0.50,0.50,0.00,0.00,5.50
BDF61165DAA42F17D35F5875F01B5C7A,B29F0AA97B45DA66A1D51B324A555B99,2013-01-01 00:05:55,2013-01-01 00:05:58,2,0.00,-73.987877,40.764908,-73.987892,40.764877,CSH,2.50,0.00,0.50,0.00,0.00,3.00
03B0493FEB9C714754477C4B816B7B73,00B7691D86D96AEBD21DD9E138F90840,2013-01-01 00:04:00,2013-01-01 00:06:00,120,0.00,-73.802734,40.705162,-73.802734,40.705162,CRD,3.00,0.50,0.50,0.45,0.00,4.45
5587E479011B2B90ACED4B7CD652C283,9CF6D483CD1E2DFE59C40E9F0DF40609,2013-01-01 00:02:00,2013-01-01 00:06:00,240,0.96,-73.992996,40.742805,-73.996719,40.741470,CSH,5.50,0.50,0.50,0.00,0.00,6.50
5F9C08A05F6449EE31F056AEB85855BB,7CA54E7DDBB0D2882C6A873583FD642C,2013-01-01 00:01:00,2013-01-01 00:06:00,300,1.32,-73.959694,40.776882,-73.961655,40.763577,CSH,6.50,0.50,0.50,0.00,0.00,7.50
61CE8D15BA23030B9F3391CA4AA71BC0,723D1DDB41A19D802F01656A84CD0D9D,2013-01-01 00:01:00,2013-01-01 00:06:00,300,0.95,-73.957680,40.714569,-73.950653,40.723850,CRD,6.00,0.50,0.50,1.30,0.00,8.30
6C8EA4103E23404EA0E0A0808FB5FEC0,390D55D0BCD554802CD22FC3D34FEC1B,2013-01-01 00:03:00,2013-01-01 00:06:00,180,0.58,-73.979561,40.776470,-73.982765,40.771801,CSH,4.00,0.50,0.50,0.00,0.00,5.00
7CC2C787A937EE1F874D2FFD6BBCD2F0,0758FB6257076E88C3B61B17182D4505,2013-01-01 00:00:00,2013-01-01 00:06:00,360,0.98,-73.978325,40.778091,-73.981834,40.768639,CSH,6.00,0.50,0.50,0.00,0.00,7.00
7DF16486AECCFB7DB3DA7A33B2DF62D4,8540C7E96EE25BAEB6C5B9979A6EFBA4,2013-01-01 00:04:00,2013-01-01 00:06:00,120,0.00,-73.988358,40.749138,-73.988358,40.749138,CSH,3.00,0.50,0.50,0.00,0.00,4.00
7E94181F851247ACE580CA73F8641E39,0893041AD047FFC989F18B0A3C4A1487,2013-01-01 00:05:00,2013-01-01 00:06:00,60,0.00,-73.992104,40.759102,-73.992119,40.759083,CSH,2.50,0.50,0.50,0.00,0.00,3.50
A1436A9F8F71EADB5A927E6E01D58408,1D8906DAF98896F75E60E78CBE2B6BB6,2013-01-01 00:02:00,2013-01-01 00:06:00,240,0.53,-73.981934,40.769608,-73.977295,40.774387,CSH,4.50,0.50,0.50,0.00,0.00,5.50
AFD2466E58F11165B67855CF3B4B5BE4,CAD4B59BED1B935BA105349E9AAC9BD9,2013-01-01 00:04:00,2013-01-01 00:06:00,120,0.98,-73.954994,40.769287,-73.947144,40.779976,CSH,4.50,0.50,0.50,0.00,0.00,5.50
B33E704CC189E80C9671230C16527BBC,6789C77E1CBDC850C450D72204702976,2013-01-01 00:06:00,2013-01-01 00:06:00,0,0.00,-73.991432,40.755081,-73.991417,40.755085,CSH,2.50,0.50,0.50,0.00,0.00,3.50
BC039E9B5DD28E4231D8FBAF1F61BDD3,520D1C08519CEBCC57E1CF01823C3041,2013-01-01 00:04:00,2013-01-01 00:06:00,120,1.03,-73.964676,40.764423,-73.953407,40.772678,CSH,5.00,0.50,0.50,0.00,0.00,6.00
C4E330442F8FA5BA2F38227E17E443E6,E9611A1B2A1333EF890949BB1A9A604F,2013-01-01 00:01:00,2013-01-01 00:06:00,300,1.73,-73.977867,40.789104,-73.961296,40.806255,CRD,7.00,0.50,0.50,2.00,0.00,10.00
C8863CEC3E6F44057326BA8B3FCE3AB9,7D0555E68C4B146311FF65A79C90CCE5,2013-01-01 00:06:00,2013-01-01 00:06:00,0,0.00,0.000000,0.000000,0.000000,0.000000,CSH,52.00,0.00,0.50,0.00,0.00,52.50
D41D773421934B51B93F21AE63882954,9E7F4E2AF38E8542FA890C51E433C141,2013-01-01 00:03:00,2013-01-01 00:06:00,180,0.59,-73.993675,40.727268,-73.991653,40.734322,CSH,4.50,0.50,0.50,0.00,0.00,5.50
D5A324CA1BD88CE6E20AA4944B9083D4,45B01E8DC88CE9D9229B787B5A6E255B,2013-01-01 00:06:00,2013-01-01 00:06:00,0,0.03,0.000000,0.000000,0.000000,0.000000,CSH,2.50,0.50,0.50,0.00,0.00,3.50
D6981DB303359568589744CDAF39237C,705C57332C3A64C0A6B088B01340AEC4,2013-01-01 00:03:00,2013-01-01 00:06:00,180,0.49,-73.986633,40.742790,-73.991669,40.742466,CSH,4.50,0.50,0.50,0.00,0.00,5.50
D9598D121715B456C101D5CF72DEF513,34887B903219BC5FE57B3A860DB74C1F,2013-01-01 00:01:00,2013-01-01 00:06:00,300,1.04,-73.981918,40.771168,-73.969978,40.767078,CSH,6.00,0.50,0.50,0.00,0.00,7.00
FDF33A25B1423F7A722AC0ADB92832FE,D7A148D9172D2003F0E0705F62CB79DF,2013-01-01 00:01:29,2013-01-01 00:06:04,274,1.40,-73.955444,40.779499,-73.947571,40.796261,CSH,6.00,0.50,0.50,0.00,0.00,7.00
5142072568D80D822BA3E6224E38EC80,CB79FA15C572A8F0A4BC4416B75DFCC0,2013-01-01 00:04:35,2013-01-01 00:06:06,91,0.40,-73.968758,40.754688,-73.974396,40.757286,CSH,3.50,0.50,0.50,0.00,0.00,4.50
7CCD0AE562DEC714DFCE4515ABB85F2E,0F0A8E92E465320476340F57095BBDB9,2013-01-01 00:02:05,2013-01-01 00:06:07,242,1.20,-73.970940,40.747574,-73.982193,40.740093,CSH,5.50,0.50,0.50,0.00,0.00,6.50
1DB26B77B7E1F92921D52EB3C2FB278B,BA88102A5553830F17F215F4F59D3EF1,2013-01-01 00:04:34,2013-01-01 00:06:11,97,0.40,-73.982529,40.735775,-73.984741,40.728920,CSH,3.50,0.50,0.50,0.00,0.00,4.50
1C0621B8B81EEC5FCCF2B606E90004B0,AA38851431A0EC5925B0A61EE7891837,2013-01-01 00:01:12,2013-01-01 00:06:13,301,0.90,-73.977341,40.751785,-73.987991,40.743916,CRD,5.50,0.50,0.50,1.30,0.00,7.80
3358ADB2F16015451D46E26E29129917,43CF1FCCE1F99029DB812892ABB92CE7,2013-01-01 00:01:35,2013-01-01 00:06:14,278,1.20,-73.983269,40.766891,-73.997681,40.763859,CSH,6.00,0.50,0.50,0.00,0.00,7.00
1C341430AF45F688E61F5BB9F8C107CA,9F7118CDF1876A0E40F8613334169DE4,2013-01-01 00:05:01,2013-01-01 00:06:36,94,0.20,-74.005356,40.720814,-74.004868,40.723621,CSH,3.00,0.50,0.50,0.00,0.00,4.00
74394B7A3DC952E218DF570EEDB5DF23,FC47C36317B37FE32E1BBCA2FA0DBFAF,2013-01-01 00:03:31,2013-01-01 00:06:37,185,0.60,-73.979141,40.764526,-73.988197,40.768974,CRD,4.50,0.50,0.50,1.65,0.00,7.15
A28B5AE58590D2ADF1D9A709D80B2984,3B681501AFD2BED5E0FF8F075C6E56E5,2013-01-01 00:01:23,2013-01-01 00:06:42,318,0.80,-73.992867,40.745350,-73.980614,40.742428,CRD,5.50,0.50,0.50,1.62,0.00,8.12
02E271D8CEBB28463A22FAAC50AB1AED,69365235F0D552B411CDD6D7980C08F5,2013-01-01 00:02:40,2013-01-01 00:06:45,245,0.50,-73.989342,40.757679,-73.983727,40.765575,CSH,4.50,0.50,0.50,0.00,0.00,5.50
6318EB699F5B69A62813D0540FE001AD,0D6462A154FCF0C6D0031F8B4245C0A9,2013-01-01 00:00:54,2013-01-01 00:06:46,352,2.00,-73.940376,40.750771,-73.972839,40.764633,CRD,8.50,0.50,0.50,0.00,0.00,9.50
C6C6128C704059C37D91E3E51ECE09B0,F00C144BDDA015F874C35B93084EE354,2013-01-01 00:05:54,2013-01-01 00:06:46,51,0.30,-74.005402,40.740807,-74.006027,40.739998,CSH,3.00,0.50,0.50,0.00,0.00,4.00
8CBE505762C297D5394EA81336F969B2,3CA71B6298D877AA8E4B1A8CA607CF06,2013-01-01 00:05:37,2013-01-01 00:06:48,71,0.20,-73.991180,40.750294,-73.993546,40.747311,CSH,3.00,0.50,0.50,0.00,0.00,4.00
F549C7FF6E87A4F345B5C7F6B9D3FED6,DBAACA0F71F5FA413D59B9AF23076904,2013-01-01 00:02:02,2013-01-01 00:06:48,286,0.50,-73.994331,40.719624,-73.988449,40.722794,CSH,5.00,0.50,0.50,0.00,0.00,6.00
338D45C8873E35C3FE19C0B6BF44EB5C,DD6A3F77F3729DEC93304A1BED2C02A8,2013-01-01 00:01:01,2013-01-01 00:06:49,347,1.10,-73.975815,40.752026,-73.985382,40.738750,CSH,6.50,0.50,0.50,0.00,0.00,7.50
8F02741F45C2AFCB625BB4DFB6097A54,BBB11B4951817629A158AFDCB73E4B42,2013-01-01 00:01:08,2013-01-01 00:06:50,342,0.70,-74.008858,40.740452,-73.997772,40.737713,CSH,5.50,0.50,0.50,0.00,0.00,6.50
C8AA67637CCD9E1AA8590D61ACFDF69C,C38854FAB3DB9B422CF6E3F88A666835,2013-01-01 00:04:58,2013-01-01 00:06:54,115,0.80,-73.982231,40.731720,-73.974648,40.742058,CSH,4.50,0.50,0.50,0.00,0.00,5.50
B4F0FFEF3900DBC2D41A3E465BBD0A71,129CC5DF16DA30A3C4C47D8FBCCBEC1C,2013-01-01 00:03:30,2013-01-01 00:06:55,204,1.00,0.000000,0.000000,0.000000,0.000000,CRD,5.00,0.50,0.50,1.00,0.00,7.00
EEBDF969804C597EA77AF1A97AB98574,483509737D8684E2150D4FBE008E4A3F,2013-01-01 00:06:17,2013-01-01 00:06:57,40,0.00,-73.902824,40.853745,-73.902885,40.853687,NOC,37.50,0.00,0.00,0.00,0.00,37.50
8C21CE6FD4A72427CB05256E81292782,A85705293AA8741E69BC6024FEB02F4D,2013-01-01 00:04:41,2013-01-01 00:06:58,137,0.50,-73.952232,40.781292,-73.958458,40.779778,CSH,4.00,0.50,0.50,0.00,0.00,5.00
EA00A64CBDB68C77D053F010FDEC70AA,89A9E9D2677AB047F306D4D4179C0A49,2013-01-01 00:05:16,2013-01-01 00:06:58,102,0.40,-73.977501,40.746433,-73.974136,40.751320,CSH,3.50,0.50,0.50,0.00,0.00,4.50
0B8DF2DC5F1DB2C1906E80A4AD0CB244,4BF10A3C62FA1DBDEDD071E07306264D,2013-01-01 00:03:38,2013-01-01 00:06:59,201,0.50,-73.989891,40.739761,-73.994003,40.734440,CRD,4.50,0.50,0.50,1.10,0.00,6.60
024F5B8C15D735F62CA2EADAE3C5D2FC,2B3B62024AB299CD4070A2EEC6152EA1,2013-01-01 00:04:00,2013-01-01 00:07:00,180,0.52,-73.989342,40.716869,-73.997887,40.718109,CSH,4.50,0.50,0.50,0.00,0.00,5.50
02EBF943439BE7166F1AD99291E5F82B,30D57A5E2A47349D64B53E140FA30A6E,2013-01-01 00:01:00,2013-01-01 00:07:00,360,1.12,-73.980362,40.730495,-73.987846,40.740902,CSH,6.50,0.50,0.50,0.00,0.00,7.50
17B381C92B9EDA2D9147C997CC492CAB,D16C32B0E2463004C869B9F17E3D14E0,2013-01-01 00:03:00,2013-01-01 00:07:00,240,0.79,-73.955742,40.803982,-73.965462,40.800365,CRD,5.00,0.50,0.50,1.38,0.00,7.38
1F9E2C27335E24C6A72069A4A550E3D5,F0CB659C0B6D2FABC574090DC60051B3,2013-01-01 00:03:00,2013-01-01 00:07:00,240,0.26,-73.996834,40.720367,-73.994102,40.721085,CSH,4.00,0.50,0.50,0.00,0.00,5.00
4138664DFDC7A66798F29EEAC8A9A157,CE1BA3866BD1992B5326D34F513E85D9,2013-01-01 00:03:00,2013-01-01 00:07:00,240,0.54,-73.954262,40.774391,-73.961487,40.772629,CSH,4.00,0.50,0.50,0.00,0.00,5.00
4707DD250F4F2269CF31DA87314A35DE,4E0CF2EFC2B6F83FB8CDC8B49023970A,2013-01-01 00:00:00,2013-01-01 00:07:00,420,1.22,-73.996132,40.739567,-74.004288,40.750999,CRD,7.00,0.50,0.50,2.00,0.00,10.00
4B3E5CA8F5D83D9402E89162239BE640,216256AA1ACEBF70739BA319BAB89DF8,2013-01-01 00:02:00,2013-01-01 00:07:00,300,1.48,-73.983009,40.722588,-73.977844,40.737911,CRD,7.00,0.50,0.50,1.00,0.00,9.00
59C232188382C25A5F0D4FC6FDD5999F,52C57B70022A7B6CF34EFA14007D62E1,2013-01-01 00:03:00,2013-01-01 00:07:00,240,0.67,-73.980782,40.729763,-73.979607,40.737469,CSH,4.50,0.50,0.50,0.00,0.00,5.50
5C25B50DEDB9DC0BF9D3DDC6124D92DC,F82A828842D54647899827435ACBAE30,2013-01-01 00:04:00,2013-01-01 00:07:00,180,0.83,-73.956184,40.771854,-73.953445,40.777782,CSH,4.50,0.50,0.50,0.00,0.00,5.50
67ECEA008EF4B5C5C023B2D41FADDA6B,F5FBCCEA1D840B81E06FC9E7A3F7E95F,2013-01-01 00:02:00,2013-01-01 00:07:00,300,1.32,-73.968964,40.758125,-73.953972,40.766975,CRD,6.50,0.50,0.50,1.40,0.00,8.90
7166914A326D849158A5161E811ADDEA,FE44D0EA86E9882E9AAB77EB2DB868A4,2013-01-01 00:02:00,2013-01-01 00:07:00,300,0.91,-73.992805,40.734070,-73.981659,40.736805,CRD,5.50,0.50,0.50,1.20,0.00,7.70
8282925C79465B35F84BD337F4C69149,A8E008AE59340CD340E14D1E08C6D2E3,2013-01-01 00:01:00,2013-01-01 00:07:00,360,1.11,-73.987740,40.719864,-74.000671,40.728592,CSH,6.00,0.50,0.50,0.00,0.00,7.00
84888E642BC18ADDE60FD58AEB32988F,B75E4AA21928ED9F8D3A6D1D9BE6FDDD,2013-01-01 00:02:00,2013-01-01 00:07:00,300,0.85,-74.004150,40.720932,-74.003723,40.727009,CSH,5.50,0.50,0.50,0.00,0.00,6.50
8669D9002FF4D63D433C5D9CCA710D7C,FD717A920A5125D904090815FA489598,2013-01-01 00:04:00,2013-01-01 00:07:00,180,0.56,-73.999710,40.721947,-73.999817,40.727009,CSH,4.50,0.50,0.50,0.00,0.00,5.50
9364D7B4997CF34F9FA76664DD20E0EE,C7B4B073B0FDD63433C61665AAAE0AFD,2013-01-01 00:06:00,2013-01-01 00:07:00,60,0.53,-73.959122,40.771812,-73.955276,40.774345,CSH,3.50,0.50,0.50,0.00,0.00,4.50
96BDDFD03647F713A428CCADC82F41CF,4BE87B7C3B354AB848BD82EF79763DA5,2013-01-01 00:03:00,2013-01-01 00:07:00,240,1.33,-73.994331,40.756058,-74.007172,40.741413,CRD,6.00,0.50,0.50,1.95,0.00,8.95
9836A6780886D5D11F7BA21BAEFD0E38,59E4699CBA26E3BCA24726C1D807F1B7,2013-01-01 00:05:00,2013-01-01 00:07:00,120,0.61,-73.994644,40.756016,-73.998413,40.750599,CRD,4.00,0.50,0.50,1.35,0.00,6.35
98671307F40E392C43E4659550E5081E,E38840CBD3EBED64B343BDE4A54BDFF1,2013-01-01 00:05:00,2013-01-01 00:07:00,120,0.44,-73.985832,40.763073,-73.981461,40.767822,CSH,3.50,0.50,0.50,0.00,0.00,4.50
9B5BE818E3C04896687FFD3C4BF5555F,4D85F9862CD0E1675B0946F1A4535B42,2013-01-01 00:00:00,2013-01-01 00:07:00,420,1.49,-73.985603,40.744263,-73.969627,40.757374,CRD,7.00,0.50,0.50,1.88,0.00,9.88
A24106A3B0BD6AD12ADB1BFA09F84EF0,9864FAE5C0EBCA463179C28753A9AE30,2013-01-01 00:05:00,2013-01-01 00:07:00,120,0.10,-73.988388,40.764240,-73.990143,40.764801,CSH,3.00,0.50,0.50,0.00,0.00,4.00
A87E2C633EEB9BCF863389CCE1C6D8F9,C4797F9008D4345B41B60906F5FCD5D3,2013-01-01 00:02:00,2013-01-01 00:07:00,300,0.66,-73.997627,40.763859,-73.994987,40.769932,CSH,5.00,0.50,0.50,0.00,0.00,6.00
AF1C751AC62E231FF84C83B83F81229A,CD0BC69213F64536E811E8906E2BD39A,2013-01-01 00:03:00,2013-01-01 00:07:00,240,1.00,-73.970779,40.798622,-73.979286,40.786877,CRD,5.50,0.50,0.50,1.20,0.00,7.70
C96BFFF929E6ED33760A63F5B779C0C6,3091CBC24F61740CAC0B1B01392CAD03,2013-01-01 00:02:00,2013-01-01 00:07:00,300,1.75,-73.982018,40.771561,-73.970963,40.793282,CSH,7.00,0.50,0.50,0.00,0.00,8.00
CFF15C3611C0FD3607388C8314F5C08F,8322F2222F5D9F5E23FB0A9D866EAF7E,2013-01-01 00:05:00,2013-01-01 00:07:00,120,0.68,-73.942787,40.711761,-73.940498,40.706161,CSH,4.00,0.50,0.50,0.00,0.00,5.00
DE3088FF5F18BF3EF934BBF73A88BFD6,FE2AB8B676BF89B8B87AA5DDBC1A09F8,2013-01-01 00:05:00,2013-01-01 00:07:00,120,0.78,-73.957314,40.777061,-73.962280,40.770229,CSH,4.50,0.50,0.50,0.00,0.00,5.50
E79E74C15D90CD93B1564E91E3D64765,145038A0CC99D6982D8001BE668154CA,2013-01-01 00:03:00,2013-01-01 00:07:00,240,0.91,-73.952080,40.790169,-73.952866,40.789108,CSH,5.00,0.50,0.50,0.00,0.00,6.00
EC611164EB7E5BE7365885659E0D0A7B,5CED8FF7148A8438D0F43CC0594FB44D,2013-01-01 00:01:00,2013-01-01 00:07:00,360,1.54,-73.977806,40.788998,-73.967438,40.806087,CRD,7.00,0.50,0.50,1.50,0.00,9.50
D97FE07A39B43CD68F2AC4A98AB649D4,45FEFCC80DC40C81740C8AB5BDF5BCEF,2013-01-01 00:01:09,2013-01-01 00:07:02,352,1.10,-73.977684,40.786991,-73.980812,40.771576,CRD,6.50,0.50,0.50,1.00,0.00,8.50
056B1897E6F7E590EDE29B9BF86CFCA1,B398B7E1DBC51F5198862E825513D0BF,2013-01-01 00:04:06,2013-01-01 00:07:03,177,0.60,-73.990204,40.737785,-73.995674,40.734463,CSH,4.50,0.50,0.50,0.00,0.00,5.50
AD67F318FB85E0CB6A46F9A568A71D6B,DEEB41A255C8CA369523EF4A6D4D6BEA,2013-01-01 00:05:24,2013-01-01 00:07:04,99,0.30,-73.972298,40.754032,-73.975441,40.755424,CSH,3.00,0.50,0.50,0.00,0.00,4.00
0C05C17E209CA4C15F89107F9D686FF3,3CCC352649DC4443C724D2273BC2F15E,2013-01-01 00:04:51,2013-01-01 00:07:05,133,0.60,-73.967857,40.768742,-73.961243,40.775005,CSH,4.00,0.50,0.50,0.00,0.00,5.00
4364E355DECE98D9E2A4B1E436A1EDBF,E128B8E011ABFC85A2AEBAEA2529BB1F,2013-01-01 00:02:18,2013-01-01 00:07:05,286,0.90,-73.995316,40.739563,-74.006096,40.733139,CSH,5.50,0.50,0.50,0.00,0.00,6.50
84A89370B8DF3890A7B2D402B204C2F9,38803CC6801B7BEC0C0AB825C0D0EEF4,2013-01-01 00:05:20,2013-01-01 00:07:05,104,0.40,-73.998375,40.764366,-73.995010,40.769955,CSH,3.50,0.50,0.50,0.00,0.00,4.50
292E77869022E8326996B7D05E064689,CDE0E71B18BC61B71E8AAC1D04D0E142,2013-01-01 00:04:08,2013-01-01 00:07:06,178,0.90,-73.966774,40.794090,-73.953056,40.786644,CSH,5.00,0.50,0.50,0.00,0.00,6.00
312E0CB058D7FC1A6494EDB66D360CD2,59F06ED612FD58E8CA647BCF07F8BF27,2013-01-01 00:00:14,2013-01-01 00:07:10,416,0.70,-73.993736,40.752232,-73.996468,40.742966,CRD,6.50,0.50,0.50,2.00,0.00,9.50
0ECC4D3D2025A987532E1E5B5B26A119,22E20511475F8E7917334325BE95B769,2013-01-01 00:04:38,2013-01-01 00:07:11,153,1.20,-73.957199,40.765919,-73.948807,40.780910,CRD,5.50,0.50,0.50,1.00,0.00,7.50
62070BE8DCA915EE1D03FF354A72569C,C59AC42F5AD836D8313B58D924F23BA4,2013-01-01 00:04:46,2013-01-01 00:07:12,146,0.00,-73.987228,40.752068,-73.987549,40.752167,CSH,3.50,0.50,0.50,0.00,0.00,4.50
EEEE5B6D55C56AD601BD2FEB48F1F35C,AAE5C3872218C0B478394C93D01052C2,2013-01-01 00:00:30,2013-01-01 00:07:13,403,1.40,-73.988762,40.731087,-73.986206,40.746574,CRD,7.00,0.50,0.50,1.00,0.00,9.00
B009310787A68502FFD50A2F9CB5CE26,A44307E7C864D631E9A26B49C25DD23B,2013-01-01 00:00:34,2013-01-01 00:07:14,400,0.70,-73.982964,40.742157,-73.990982,40.748726,CSH,6.00,0.50,0.50,0.00,0.00,7.00
A38882246FC6439948FA470459F94134,6DA75027BA51A8447C0C2560100D5588,2013-01-01 00:01:34,2013-01-01 00:07:21,347,1.10,-73.962639,40.794666,-73.952980,40.808300,CSH,6.50,0.50,0.50,0.00,0.00,7.50
A8BB4EED2F83D09D000BF68A14DFEB3A,35E41611697EA90250462BAEABD73308,2013-01-01 00:00:33,2013-01-01 00:07:22,408,1.50,-73.961060,40.765018,-73.978745,40.752563,CRD,7.50,0.50,0.50,2.12,0.00,10.62
75AD5CAC13BC08EB6DA9F1884205EC2B,43D1C3B357C070A7C61A85918EC074B0,2013-01-01 00:02:04,2013-01-01 00:07:24,319,1.20,-73.987816,40.728615,-73.986221,40.715755,CRD,6.00,0.50,0.50,1.00,0.00,8.00
B9139EC3A30D756DA319F00B3692A302,BF976B2C522665585AE0C4F99A948B76,2013-01-01 00:05:24,2013-01-01 00:07:27,123,0.30,-73.981094,40.753914,-73.984138,40.749233,CSH,3.50,0.50,0.50,0.00,0.00,4.50
67B0EC98DD6BCB83FA5A36106DF74D20,D8B9D865960E245754456E6DFCA149F4,2013-01-01 00:03:53,2013-01-01 00:07:28,215,1.20,-74.001938,40.726345,-73.993599,40.741795,CRD,5.50,0.50,0.50,1.30,0.00,7.80
89905FAE3E1B216FE8688A81FD671A11,A0202119808170AF61ABB1F5E93C7C5C,2013-01-01 00:02:29,2013-01-01 00:07:29,299,0.70,-73.967667,40.756248,-73.978127,40.756527,CSH,5.50,0.50,0.50,0.00,0.00,6.50
1C67E4F347266CDF92201363D08960F5,AD096E368A17199BE02BDDD365C1F97F,2013-01-01 00:05:36,2013-01-01 00:07:31,115,0.60,-74.002258,40.750462,-73.994843,40.756184,CRD,4.00,0.50,0.50,0.00,0.00,5.00
0545C6C1D0CDD74064C4B99C962BC0FE,21A83CCC48BD160209CE4073E8582CCE,2013-01-01 00:05:35,2013-01-01 00:07:32,116,0.60,-74.002342,40.750378,-73.995102,40.756233,CRD,4.00,0.50,0.50,0.50,0.00,5.50
52A17C272796C501FD4F2D823CEA5E4C,08D35C660514CC5460E44E72C63EACEB,2013-01-01 00:04:34,2013-01-01 00:07:35,180,0.80,0.000000,0.000000,0.000000,0.000000,CSH,4.50,0.50,0.50,0.00,0.00,5.50
757AF98FB61CD1EF22A61A87084524DB,51AE3B994B1A4A898D0D40C041C5A8F1,2013-01-01 00:06:12,2013-01-01 00:07:35,82,0.40,-73.988953,40.730858,-73.985268,40.735817,CSH,3.50,0.50,0.50,0.00,0.00,4.50
37BDEA2E54A3B70CBFA5B0D1C3A75FE2,6D7EE232DC0ACD8C97E4AFB0B0CDDC83,2013-01-01 00:04:02,2013-01-01 00:07:36,213,0.40,-73.977890,40.736755,-73.985062,40.739765,CSH,4.50,0.50,0.50,0.00,0.00,5.50
4603AF3476D9B60BFC5D5CDAA577BDCA,3251A220F065378A4E35BE26E611DA8D,2013-01-01 00:01:18,2013-01-01 00:07:40,381,1.10,-73.992241,40.725605,-73.983887,40.737770,CSH,6.00,0.50,0.50,0.00,0.00,7.00
586E42CBE3010646C06A30F6E1220601,83F57D0B7B416F51411F3F4A43D9F8BB,2013-01-01 00:03:11,2013-01-01 00:07:41,270,1.50,-73.959038,40.780590,-73.951042,40.798401,CSH,6.50,0.50,0.50,0.00,0.00,7.50
576E996276F4E42499C3AE3AA8C0A3B4,E66839CB5F1411C6950AE611135E063F,2013-01-01 00:05:44,2013-01-01 00:07:42,118,0.10,-73.997452,40.763783,-73.996696,40.763271,NOC,3.00,0.50,0.50,0.00,0.00,4.00
6C04634A9482DAF6D72A6D6142034704,3C179F8593A900D2D00AA3A351AF807F,2013-01-01 00:01:57,2013-01-01 00:07:43,346,1.10,-74.012085,40.707443,-74.006233,40.714325,CSH,6.00,0.50,0.50,0.00,0.00,7.00
0B57B9633A2FECD3D3B1944AFC7471CF,DC47AE0CDBCEC1B97DC3F3C8B235FD9C,2013-01-01 00:02:39,2013-01-01 00:07:51,311,1.10,-73.948708,40.711220,-73.966774,40.710503,CSH,6.00,0.50,0.50,0.00,0.00,7.00
4B487064CD0A47AFDCD7176B90A9C262,5194F732C9BA0EF390863E033BA1BE85,2013-01-01 00:04:04,2013-01-01 00:07:51,227,1.00,-73.978287,40.783230,-73.963676,40.776905,CSH,5.50,0.50,0.50,0.00,0.00,6.50
30805D66D3BC8565DA00AD2A18824DB5,17278280E0FBA6329D883B5B6A6F90DF,2013-01-01 00:01:22,2013-01-01 00:07:53,391,1.30,-73.997574,40.760525,-74.006332,40.744595,CSH,7.50,0.50,0.50,0.00,0.00,8.50
A0CF0A51B987C59914FFE3E24FB80D69,478EB601ED229FC5A89C83E79F5FACD4,2013-01-01 00:04:27,2013-01-01 00:07:54,207,0.90,-73.963333,40.808975,-73.970093,40.795738,CSH,5.50,0.50,0.50,0.00,0.00,6.50
52488CA04A6A36C6F096F52263DAD34D,160C474EC5F105E9FB43966E19572864,2013-01-01 00:00:54,2013-01-01 00:07:56,422,1.20,-73.981392,40.768738,-73.971985,40.763271,CRD,7.00,0.50,0.50,1.60,0.00,9.60
FD487D4BE7A6709FF796C7A6DFF3E7B0,F879798C97EE20CA7A91387668C9C9BC,2013-01-01 00:05:30,2013-01-01 00:07:56,145,0.70,-73.976677,40.751637,-73.977242,40.742889,CSH,4.50,0.50,0.50,0.00,0.00,5.50
9C1CD5DEE510BD3E1F9345072052CA23,AF6C4617AC70522F4962BB0BD0050AD7,2013-01-01 00:03:09,2013-01-01 00:07:57,287,0.50,-73.971313,40.757797,-73.978920,40.756500,CSH,5.00,0.50,0.50,0.00,0.00,6.00
40F35DE05CBB4FD16C3D1A0D596CE16A,F05DD64854804309018930BEC33ED7A1,2013-01-01 00:04:23,2013-01-01 00:07:58,215,0.60,-73.968620,40.754833,-73.974220,40.756924,CSH,4.50,0.50,0.50,0.00,0.00,5.50
5B69FC0A8F92A9239EA812B1F3A3DB82,BD18603FDF2A548B8489CE2C60625D23,2013-01-01 00:05:33,2013-01-01 00:07:59,146,0.70,-73.983894,40.732788,-73.990967,40.724216,CRD,4.00,0.50,0.50,3.00,0.00,8.00
F7A46092A75A362687AA86EC0E32432E,A1CD12722A498600FF4717516CB8764A,2013-01-01 00:01:10,2013-01-01 00:07:59,409,1.20,-73.991478,40.738956,-73.978371,40.745590,CSH,6.50,0.50,0.50,0.00,0.00,7.50
087FC8B3829AE79170ADFCDF8F501BD4,F43E8FCE60957A64DF4ABD4D0114ADCA,2013-01-01 00:01:00,2013-01-01 00:08:00,420,1.79,-73.978241,40.748531,-73.988274,40.727840,CSH,7.50,0.50,0.50,0.00,0.00,8.50
0F6CF8A85A039CDF369F01F2774682BA,B6ECF5802089A7125B81C91D637851F3,2013-01-01 00:01:00,2013-01-01 00:08:00,420,1.95,-73.983185,40.730606,-73.977295,40.751850,CSH,8.50,0.50,0.50,0.00,0.00,9.50
